[
{"id":1,
"title": "冰与火之歌111冰与火之歌111",
"time": "2016-12-19",
"image_url": "http://r001.joyme.com/r001/image/2012/09/8/1C77C5D0E5D0C1993814F5B6458D1D92.jpg",
"content":"艾德·史塔克死后，其属臣拥戴他的长子罗柏·史塔克为北境之王。由罗柏·史塔克率领的北境大军与兰尼斯特实力相互对峙，蓝礼的南境雄兵则不断朝君临开拔，还有动向不明的史坦尼斯，以及西北黑海之上的铁群岛诸民。戍守北疆的守夜人与境外蛮族一决生死。龙之母丹妮莉丝带着老弱残兵组成的卡拉萨，跟随彗星的轨迹，穿越茫茫洪荒，朝遥远渺茫的复国大业进发。凛冬将至，冷风渐起。随着第二季剧情进入阴暗梦魇，艾莉亚·史塔克（AryaStark）仍然处于兰尼斯特家族的囚禁之中；泰瑞欧尽自己最大的努力在君临城清除险恶之徒；蓝礼和史坦尼斯处于战争的边缘，尽管凯特琳·史塔克（CatelynStark）恳求两人联手对付共同的敌人；珊莎仍然受困于残忍且越来越疯狂的乔佛里及他渴望权力的母亲手中；史塔克家族的男丁们则各自分散于从河间地到绝境长城之间的广袤土地上。与此同时，“龙女”丹妮和她衣衫褴褛的多斯拉克人在魁尔斯城看到了一线新希望"
},
{"id":2,
"title": "冰与火之歌222冰与火之歌111冰与火之歌222冰与火之歌111冰与火之歌222冰与火之歌111",
"time": "2016-12-19",
"image_url": "http://r001.joyme.com/r001/image/2012/09/8/1C77C5D0E5D0C1993814F5B6458D1D92.jpg",
"content":"艾德·史塔克死后，其属臣拥戴他的长子罗柏·史塔克为北境之王。由罗柏·史塔克率领的北境大军与兰尼斯特实力相互对峙，蓝礼的南境雄兵则不断朝君临开拔，还有动向不明的史坦尼斯，以及西北黑海之上的铁群岛诸民。戍守北疆的守夜人与境外蛮族一决生死。龙之母丹妮莉丝带着老弱残兵组成的卡拉萨，跟随彗星的轨迹，穿越茫茫洪荒，朝遥远渺茫的复国大业进发。凛冬将至，冷风渐起。随着第二季剧情进入阴暗梦魇，艾莉亚·史塔克（AryaStark）仍然处于兰尼斯特家族的囚禁之中；泰瑞欧尽自己最大的努力在君临城清除险恶之徒；蓝礼和史坦尼斯处于战争的边缘，尽管凯特琳·史塔克（CatelynStark）恳求两人联手对付共同的敌人；珊莎仍然受困于残忍且越来越疯狂的乔佛里及他渴望权力的母亲手中；史塔克家族的男丁们则各自分散于从河间地到绝境长城之间的广袤土地上。与此同时，“龙女”丹妮和她衣衫褴褛的多斯拉克人在魁尔斯城看到了一线新希望"
},
{"id":3,
"title": "冰与火之歌222冰与火之歌111",
"time": "2016-12-19",
"image_url": "http://r001.joyme.com/r001/image/2012/09/8/1C77C5D0E5D0C1993814F5B6458D1D92.jpg",
"content":"艾德·史塔克死后，其属臣拥戴他的长子罗柏·史塔克为北境之王。由罗柏·史塔克率领的北境大军与兰尼斯特实力相互对峙，蓝礼的南境雄兵则不断朝君临开拔，还有动向不明的史坦尼斯，以及西北黑海之上的铁群岛诸民。戍守北疆的守夜人与境外蛮族一决生死。龙之母丹妮莉丝带着老弱残兵组成的卡拉萨，跟随彗星的轨迹，穿越茫茫洪荒，朝遥远渺茫的复国大业进发。凛冬将至，冷风渐起。随着第二季剧情进入阴暗梦魇，艾莉亚·史塔克（AryaStark）仍然处于兰尼斯特家族的囚禁之中；泰瑞欧尽自己最大的努力在君临城清除险恶之徒；蓝礼和史坦尼斯处于战争的边缘，尽管凯特琳·史塔克（CatelynStark）恳求两人联手对付共同的敌人；珊莎仍然受困于残忍且越来越疯狂的乔佛里及他渴望权力的母亲手中；史塔克家族的男丁们则各自分散于从河间地到绝境长城之间的广袤土地上。与此同时，“龙女”丹妮和她衣衫褴褛的多斯拉克人在魁尔斯城看到了一线新希望"
},
{"id":4,
"title": "冰与火之歌222冰与火之歌111冰与火之歌222冰与火之歌111冰与火之歌222冰与火之歌111冰与火之歌222冰与火之歌111",
"time": "2016-12-19",
"image_url": "http://r001.joyme.com/r001/image/2012/09/8/1C77C5D0E5D0C1993814F5B6458D1D92.jpg",
"content":"艾德·史塔克死后，其属臣拥戴他的长子罗柏·史塔克为北境之王。由罗柏·史塔克率领的北境大军与兰尼斯特实力相互对峙，蓝礼的南境雄兵则不断朝君临开拔，还有动向不明的史坦尼斯，以及西北黑海之上的铁群岛诸民。戍守北疆的守夜人与境外蛮族一决生死。龙之母丹妮莉丝带着老弱残兵组成的卡拉萨，跟随彗星的轨迹，穿越茫茫洪荒，朝遥远渺茫的复国大业进发。凛冬将至，冷风渐起。随着第二季剧情进入阴暗梦魇，艾莉亚·史塔克（AryaStark）仍然处于兰尼斯特家族的囚禁之中；泰瑞欧尽自己最大的努力在君临城清除险恶之徒；蓝礼和史坦尼斯处于战争的边缘，尽管凯特琳·史塔克（CatelynStark）恳求两人联手对付共同的敌人；珊莎仍然受困于残忍且越来越疯狂的乔佛里及他渴望权力的母亲手中；史塔克家族的男丁们则各自分散于从河间地到绝境长城之间的广袤土地上。与此同时，“龙女”丹妮和她衣衫褴褛的多斯拉克人在魁尔斯城看到了一线新希望"
},
{"id":5,
"title": "冰与火之歌222冰与火之歌111",
"time": "2016-12-19",
"image_url": "http://r001.joyme.com/r001/image/2012/09/8/1C77C5D0E5D0C1993814F5B6458D1D92.jpg",
"content":"艾德·史塔克死后，其属臣拥戴他的长子罗柏·史塔克为北境之王。由罗柏·史塔克率领的北境大军与兰尼斯特实力相互对峙，蓝礼的南境雄兵则不断朝君临开拔，还有动向不明的史坦尼斯，以及西北黑海之上的铁群岛诸民。戍守北疆的守夜人与境外蛮族一决生死。龙之母丹妮莉丝带着老弱残兵组成的卡拉萨，跟随彗星的轨迹，穿越茫茫洪荒，朝遥远渺茫的复国大业进发。凛冬将至，冷风渐起。随着第二季剧情进入阴暗梦魇，艾莉亚·史塔克（AryaStark）仍然处于兰尼斯特家族的囚禁之中；泰瑞欧尽自己最大的努力在君临城清除险恶之徒；蓝礼和史坦尼斯处于战争的边缘，尽管凯特琳·史塔克（CatelynStark）恳求两人联手对付共同的敌人；珊莎仍然受困于残忍且越来越疯狂的乔佛里及他渴望权力的母亲手中；史塔克家族的男丁们则各自分散于从河间地到绝境长城之间的广袤土地上。与此同时，“龙女”丹妮和她衣衫褴褛的多斯拉克人在魁尔斯城看到了一线新希望"
},
{"id":6,
"title": "冰与火之歌222冰与火之歌111",
"time": "2016-12-19",
"image_url": "http://r001.joyme.com/r001/image/2012/09/8/1C77C5D0E5D0C1993814F5B6458D1D92.jpg",
"content":"艾德·史塔克死后，其属臣拥戴他的长子罗柏·史塔克为北境之王。由罗柏·史塔克率领的北境大军与兰尼斯特实力相互对峙，蓝礼的南境雄兵则不断朝君临开拔，还有动向不明的史坦尼斯，以及西北黑海之上的铁群岛诸民。戍守北疆的守夜人与境外蛮族一决生死。龙之母丹妮莉丝带着老弱残兵组成的卡拉萨，跟随彗星的轨迹，穿越茫茫洪荒，朝遥远渺茫的复国大业进发。凛冬将至，冷风渐起。随着第二季剧情进入阴暗梦魇，艾莉亚·史塔克（AryaStark）仍然处于兰尼斯特家族的囚禁之中；泰瑞欧尽自己最大的努力在君临城清除险恶之徒；蓝礼和史坦尼斯处于战争的边缘，尽管凯特琳·史塔克（CatelynStark）恳求两人联手对付共同的敌人；珊莎仍然受困于残忍且越来越疯狂的乔佛里及他渴望权力的母亲手中；史塔克家族的男丁们则各自分散于从河间地到绝境长城之间的广袤土地上。与此同时，“龙女”丹妮和她衣衫褴褛的多斯拉克人在魁尔斯城看到了一线新希望"
},
{"id":7,
"title": "冰与火之歌222冰与火之歌111",
"time": "2016-12-19",
"image_url": "http://r001.joyme.com/r001/image/2012/09/8/1C77C5D0E5D0C1993814F5B6458D1D92.jpg",
"content":"艾德·史塔克死后，其属臣拥戴他的长子罗柏·史塔克为北境之王。由罗柏·史塔克率领的北境大军与兰尼斯特实力相互对峙，蓝礼的南境雄兵则不断朝君临开拔，还有动向不明的史坦尼斯，以及西北黑海之上的铁群岛诸民。戍守北疆的守夜人与境外蛮族一决生死。龙之母丹妮莉丝带着老弱残兵组成的卡拉萨，跟随彗星的轨迹，穿越茫茫洪荒，朝遥远渺茫的复国大业进发。凛冬将至，冷风渐起。随着第二季剧情进入阴暗梦魇，艾莉亚·史塔克（AryaStark）仍然处于兰尼斯特家族的囚禁之中；泰瑞欧尽自己最大的努力在君临城清除险恶之徒；蓝礼和史坦尼斯处于战争的边缘，尽管凯特琳·史塔克（CatelynStark）恳求两人联手对付共同的敌人；珊莎仍然受困于残忍且越来越疯狂的乔佛里及他渴望权力的母亲手中；史塔克家族的男丁们则各自分散于从河间地到绝境长城之间的广袤土地上。与此同时，“龙女”丹妮和她衣衫褴褛的多斯拉克人在魁尔斯城看到了一线新希望"
}
]
