{
  "name": "myAppUser",
  "plural": "myappuser",
  "base": "User",
  "idInjection": true,
  "options": {
    "validateUpsert": true
  },
  "properties": {
    "age": {
      "type": "number"
    },
    "nickName": {
      "type": "string"
    },
    "birthday": {
      "type": "date"
    },
    "signatrue": {
      "type": "string"
    },
    "myBooks": {
      "type": [
        "object"
      ]
    },
    "auth": {
      "type": "string",
      "required": true
    }
  },
  "validations": [],
  "relations": {},
  "acls": [
    {
      "accessType": "*",
      "principalType": "ROLE",
      "principalId": "lidikang",
      "permission": "ALLOW"
    },
    {
      "accessType": "*",
      "principalType": "ROLE",
      "principalId": "$authenticated",
      "permission": "ALLOW"
    },
    {
      "accessType": "EXECUTE",
      "principalType": "ROLE",
      "principalId": "$everyone",
      "permission": "ALLOW",
      "property": "getSessionId"
    },
    {
      "accessType": "EXECUTE",
      "principalType": "ROLE",
      "principalId": "$everyone",
      "permission": "ALLOW",
      "property": "checkSessionId"
    },
    {
      "accessType": "EXECUTE",
      "principalType": "ROLE",
      "principalId": "$everyone",
      "permission": "ALLOW",
      "property": "getUploadToken"
    }
  ],
  "methods": {}
}
